block_size,normalized_entropy
4,0.99999
8,0.999836
16,0.946236
